{
  "mean": [
    988.6604636440667,
    9.109564063943616,
    283.1959585133991,
    4.609848015792162,
    75.94246417120553,
    13.354352660410783,
    9.364891977129377,
    3.9893772192724,
    5.918537600755096,
    9.474332023932266,
    1216.9890528177912,
    2.151625343385256,
    3.5564640617683017,
    173.46053282053765
  ],
  "scale": [
    8.291159226983025,
    8.644986233424051,
    8.71451533176241,
    6.974469321162738,
    16.46047320488264,
    7.677841936283933,
    4.210399586271291,
    4.7901639499060815,
    2.6725917566634174,
    4.262197710625248,
    40.917251450745496,
    1.4510410926779962,
    2.1986433135509826,
    74.32866241156134
  ],
  "feature_names": [
    "p (mbar)",
    "T (degC)",
    "Tpot (K)",
    "Tdew (degC)",
    "rh (%)",
    "VPmax (mbar)",
    "VPact (mbar)",
    "VPdef (mbar)",
    "sh (g/kg)",
    "H2OC (mmol/mol)",
    "rho (g/m**3)",
    "wv (m/s)",
    "max. wv (m/s)",
    "wd (deg)"
  ]
}