{
  "mean": [
    9.109564063943571,
    988.6604636440653,
    75.94246417120598,
    2.1516253433852537,
    4.6098480157921795,
    3.989377219272433,
    1216.9890528177916,
    5.9185376007551
  ],
  "scale": [
    8.644986233424087,
    8.291159226982986,
    16.460473204882657,
    1.451041092677994,
    6.974469321162749,
    4.790163949906069,
    40.91725145074576,
    2.672591756663404
  ],
  "feature_names": [
    "p (mbar)",
    "T (degC)",
    "Tpot (K)",
    "Tdew (degC)",
    "rh (%)",
    "VPmax (mbar)",
    "VPact (mbar)",
    "VPdef (mbar)",
    "sh (g/kg)",
    "H2OC (mmol/mol)",
    "rho (g/m**3)",
    "wv (m/s)",
    "max. wv (m/s)",
    "wd (deg)"
  ]
}